{"cameraMode":{"drawMode":0,"name":"Shaded","section":"Shading Mode"},"sceneLighting":false,"audioPlay":false,"sceneViewState":{"m_AlwaysRefresh":false,"showFog":true,"showSkybox":false,"showFlares":true,"showImageEffects":true,"showParticleSystems":true,"showVisualEffectGraphs":true,"m_FxEnabled":true},"in2DMode":false,"pivot":{"x":0.23128223419189454,"y":0.46616554260253909,"z":-0.4633769989013672},"rotation":{"x":-0.20729289948940278,"y":0.004986369516700506,"z":-0.001056560780853033,"w":-0.9782662391662598},"size":12.197648048400879,"orthographic":false}