{"cameraMode":{"drawMode":0,"name":"Shaded","section":"Shading Mode"},"sceneLighting":true,"audioPlay":false,"sceneViewState":{"m_AlwaysRefresh":false,"showFog":true,"showSkybox":true,"showFlares":true,"showImageEffects":true,"showParticleSystems":true,"showVisualEffectGraphs":true,"m_FxEnabled":true},"in2DMode":false,"pivot":{"x":6.679999828338623,"y":0.30000001192092898,"z":7.820000171661377},"rotation":{"x":0.07133704423904419,"y":0.004488467704504728,"z":-0.0003215303586330265,"w":0.9974445700645447},"size":0.5119338035583496,"orthographic":false}